id,filename,name,email,phone,skills,education,experience,text
1,C1499.pdf,Candidate Resume (ID: C1499),brianhurley66@gmail.com,+1-933-4959,"; Cybersecurity - Skilled in penetration testing, risk assessment, and securing enterprise networks; ; against cyber threats.;","
Master of Science in Data Science (2019-2021)

Gained expertise in machine learning, big data analytics, and statistical modeling.

Bachelor of Engineering in Information Technology (2014-2018)

Concentrated on database management, networking, and cybersecurity.

Diploma in Software Engineering (2013-2015)
","
Tech Stack

C++, OpenCV, Deep Learning, PyTorch, NVIDIA CUDA

","Candidate Resume (ID: C1499)

Name: Brian Hurley

Email: brianhurley66@gmail.com

Phone: +1-933-4959

Education

Master of Science in Data Science (2019-2021)

Gained expertise in machine learning, big data analytics, and statistical modeling.

Bachelor of Engineering in Information Technology (2014-2018)

Concentrated on database management, networking, and cybersecurity.

Diploma in Software Engineering (2013-2015)

Hands-on experience in full-stack web development and mobile app creation.

Work Experience

Software Engineer at XYZ Corp (2018-2022)

Developed scalable backend applications, improved system efficiency by 30%, and led agile

development sprints.

Product Manager at DEF Ltd. (2017-2021)

Led cross-functional teams to develop innovative solutions, increasing product adoption by 40%.

Skills

Cybersecurity - Skilled in penetration testing, risk assessment, and securing enterprise networks

against cyber threats.

Certifications

AWS Certified Solutions Architect - Validated expertise in designing and deploying scalable AWS

solutions, optimizing performance and security.

Achievements

Developed an AI chatbot - Built a chatbot that reduced customer support tickets by 40%, enhancing

user experience and efficiency.

Tech Stack

C++, OpenCV, Deep Learning, PyTorch, NVIDIA CUDA

"
2,C1487.pdf,Candidate Resume (ID: C1487),garydavis62@gmail.com,+1-936-5656,"; Cloud Computing - Expert in AWS, Azure, and GCP; implemented scalable cloud architectures for; ; enterprise applications.;","
Bachelor of Engineering in Information Technology (2014-2018)

Concentrated on database management, networking, and cybersecurity.
","
Software Engineer at XYZ Corp (2018-2022)

Developed scalable backend applications, improved system efficiency by 30%, and led agile

development sprints.

Data Scientist at ABC Inc. (2019-2023)

Built predictive models that enhanced decision-making processes, reducing operational costs by

25%.

Skills

Cloud Computing - Expert in AWS, Azure, and GCP; implemented scalable cloud architectures for

enterprise applications.
","Candidate Resume (ID: C1487)

Name: Gary Davis

Email: garydavis62@gmail.com

Phone: +1-936-5656

Education

Bachelor of Engineering in Information Technology (2014-2018)

Concentrated on database management, networking, and cybersecurity.

Work Experience

Software Engineer at XYZ Corp (2018-2022)

Developed scalable backend applications, improved system efficiency by 30%, and led agile

development sprints.

Data Scientist at ABC Inc. (2019-2023)

Built predictive models that enhanced decision-making processes, reducing operational costs by

25%.

Skills

Cloud Computing - Expert in AWS, Azure, and GCP; implemented scalable cloud architectures for

enterprise applications.

Certifications

Certified Ethical Hacker (CEH) - Demonstrated proficiency in ethical hacking, network security, and

vulnerability assessment.

Achievements

Published a research paper on AI ethics - Contributed to an AI ethics framework adopted by industry

leaders, shaping responsible AI development.

Tech Stack

C++, OpenCV, Deep Learning, PyTorch, NVIDIA CUDA

"
